codigo;Chasis;monedaprevision_simec;NUEVO CODIGO SIMEC;NOMBRE EN SIMEC
614;86822;2;2MC00001;25_DE_MAYO_82822
648;85838;2;2MC00002;4_ESTACIONES_85838
649;85839;2;2MC00003;4_ESTACIONES_85839
1028;44773;2;2MC00004;6_CIELOS_44773
765;95319;2;2MC00005;ABSOLUM_95319
458;65959;2;2MC00006;ACUARIO_65959
459;65960;2;2MC00007;ACUARIO_65960
98;17946;2;2MC00008;ADVENIR_17946
99;17947;2;2MC00009;ADVENIR_17947
975;41513;2;2MC00010;ADVENIR_II_41513
643;85384;2;2MC00011;AE_85384
658;87200;2;2MC00012;AGABE_87200
486;68507;2;2MC00013;AGENAL_SCZ_68507
927;38088;2;2MC00014;AGREDA_ROJAS_38088
50;1444;2;2MC00015;AIDISA_01444
427;62170;2;2MC00016;AIS_B_62170
1452;66678;2;2MC01199;ALAMOS_66678
1470;67175;2;2MC01200;ALAMOS_BENITEZ_67175
241;34976;2;2MC00017;ALBERTO_I_34976
1549;74108;2;2MC01230;ALCOCER_MENDOZA_74108
1127;50078;2;2MC00659;ALEJANDRO_50078
55;14684;2;2MC00018;ALESSANDRIA_14684
1097;47076;2;2MC00019;ALFANE_47076
518;73633;2;2MC00020;ALHAMBRA_73633
519;73634;2;2MC00021;ALHAMBRA_73634
342;4654;2;2MC00022;ALHAMBRA_II_4654
1430;64581;2;2MC01201;ALMA_DE_NI헲_64581
516;73315;2;2MC00023;ALMARO_73315
726;92278;2;2MC00024;ALMUDENA_92278
576;79362;2;2MC00025;ALTAMIRA_79362
577;79363;2;2MC00026;ALTAMIRA_79363
578;79364;2;2MC00027;ALTAMIRA_79364
1037;44059;2;2MC00028;ALTON_TOWER_44059
1038;44060;2;2MC00029;ALTON_TOWER_44060
1019;45085;2;2MC00030;ALTOS_DEL_PARQUE_45085
1020;45086;2;2MC00031;ALTOS_DEL_PARQUE_45086
764;95313;2;2MC00032;ALVAREZ_95313
805;29239;2;2MC00033;ALVAREZ_HUMBOLT_29239
570;77886;2;2MC00034;ALY_77886
455;65689;2;2MC00035;AMBAR_65689
1534;73652;2;2MC01337;AMERICA_1095_73652
774;25767;2;2MC00036;AMERICAS_25767
775;25768;2;2MC00037;AMERICAS_25768
763;9516;2;2MC00039;AMERICAS_II_9516
1200;69171;2;2MC00038;AMERICAS_I_69171
1129;50298;2;2MC00041;AMERICAS_III_50298
1489;67631;2;2MC01222;AMERICAS_III_TORRE_II_67631
514;73279;2;2MC00042;AMI_73279
754;94554;2;2MC00043;AMISTAD_94554
569;77884;2;2MC00044;ANA_BEATRIZ_77884
795;28936;2;2MC00045;ANDALUZ_II_A_28936
796;28937;2;2MC00046;ANDALUZ_II_B_28937
409;58478;2;2MC00047;ANDRADE_58478
454;65231;2;2MC00050;ANGELO_65231
1167;52121;2;2MC01173;ANTARA_52121
49;13972;2;2MC00051;ANTOFAGASTA_13972
416;5946;2;2MC00052;ANTONIA_5946
267;35761;2;2MC00056;APART_HOTEL_LUXOR_35761
640;8504;2;2MC00053;APART_HOTEL_ANTEUS_08504
515;73282;2;2MC00054;APART_HOTEL_ARASAN_73282
949;39673;2;2MC00057;APART_HOTEL_OLMOS_39673
309;4160;2;2MC00058;AQUARELA_4160
392;56708;2;2MC00059;ARANDIA_56708
523;74498;2;2MC00060;ARANIBAR_ASBUN_74498
496;69173;2;2MC00062;ARANJUEZ_69173
901;34538;2;2MC00063;ARBOLEDA_34538
902;34539;2;2MC00064;ARBOLEDA_34539
417;59655;2;2MC00065;ARCANGEL_59655
998;42818;2;2MC00066;AREVALO_42818
1315;58553;2;2MC01151;VILLA_OLIMPICA_II_B_CYC_58553
1316;58552;2;2MC01144;VILLA_OLIMPICA_B_CYC_58552
1083;45446;2;2MC00067;ARIA_45446
1102;48430;2;2MC00068;ARIA_II_48430
1103;48431;2;2MC00069;ARIA_II_48431
1104;48435;2;2MC00070;ARIA_III_48435
1501;70175;2;2MC01310;ARNEZ_LIZARAZU_70175
1675;81089;2;2MC01311;ARNEZ_PE헤_81089
715;9141;2;2MC00072;ARPITA_9141
325;43810;2;2MC00073;ARTEMISA_A_43810
326;43811;2;2MC00074;ARTEMISA_B_43811
1311;58534;2;2MC01140;VILLA_OLIMPICA_A_COBOCE_58534
1327;58535;2;2MC01150;VILLA_OLIMPICA_II_B_COBOCE_58535
233;34614;2;2MC00075;ARZOBISPADO_34614
371;53693;2;2MC00076;ASTARTE_53693
372;53694;2;2MC00077;ASTARTE_53694
240;34975;2;2MC00078;ATENEA_34975
1013;44797;2;2MC00079;ATLANTA_A_44797
1014;44798;2;2MC00080;ATLANTA_B_44798
337;4644;2;2MC00082;ATLANTIC_44644
338;4645;2;2MC00083;ATLANTIC_44645
336;4643;2;2MC00081;ATLANTIC_44643
1291;57968;2;2MC00360;ATLETIC_57968
722;91767;2;2MC00085;AVENTURA_91767
1098;47290;2;2MC00086;AXEL_47290
276;362;2;2MC00087;AXIS_ARANJUEZ_362
277;363;2;2MC00088;AXIS_ARANJUEZ_363
1240;55610;2;2MC01161;AYALA_SAAVEDRA_55610
1372;60566;2;2MC01121;BALI_60566
1373;60567;2;2MC01122;BALI_60567
708;90630;2;2MC00089;BANCO_BISA_90630
17;11680;2;2MC00090;BANCO_UNION_11680
18;11681;2;2MC00091;BANCO_UNION_11681
504;70850;2;2MC00092;BARAKA_70850
903;35022;2;2MC00093;BARCELO_35022
955;38871;2;2MC00094;BARCELO_HUALLPARIMACHI_BLOQ_A_38871
956;38872;2;2MC00095;BARCELO_HUALLPARIMACHI_BLOQ_B_38872
38;13380;2;2MC00096;BARI_13380
991;41888;2;2MC00097;BARTOLINA_IA_41888
992;41889;2;2MC00098;BARTOLINA_IB_41889
1042;43615;2;2MC00099;BARTOLINA_IIA_43615
1043;43616;2;2MC00100;BARTOLINA_IIB_43616
631;84421;2;2MC00101;BAYRES_84421
686;89572;2;2MC00103;BAZAN_89572
685;89571;2;2MC00102;BAZAN_89571
819;24847;2;2MC00104;BAZAN_II_24847
769;9828;2;2MC00105;BELGRANO_9828
824;29773;2;2MC00106;BELLA_VISTA_29773
1039;45072;2;2MC00107;BELLA_VISTA_NORTE_45062
25;25014;2;2MC00108;BELMONT_25014
666;E87637;2;2MC00109;BELZU_87637
480;67899;2;2MC00110;BENI_67899
481;E67900;2;2MC00111;BENI_67900
798;28940;2;2MC00112;BH_OFICINA_28940
797;28941;2;2MC00113;BH_PARQ_28941
912;36681;2;2MC00114;BLANQUI_36681
1332;58545;2;2MC01052;VILLA_OLIMPICA_II_A_TITANIUM_58545
1337;58544;2;2MC01156;VILLA_OLIMPICA_II_B_TITANIUM_58544
1310;58560;2;2MC01143;VILLA_OLIMPICA_B_COBOCE_58560
1325;58561;2;2MC01149;VILLA_OLIMPICA_II_B_COBOCE_58561
254;35374;2;2MC00115;BRISAS_A_35374
255;35375;2;2MC00116;BRISAS_B_35375
155;2247;2;2MC00118;BRISAS_DEL_NORTE_A_2247
157;2248;2;2MC00117;BRISAS_DEL_NORTE_02248
781;27378;2;2MC00119;BRISAS_DEL_PARQUE_27378
782;27379;2;2MC00120;BRISAS_DEL_PARQUE_27379
892;35548;2;2MC00121;BRISAS_DEL_PARQUE_II_35548
893;35549;2;2MC00122;BRISAS_DEL_PARQUE_II_35549
80;16658;2;2MC00124;BRITAM_16658
175;23138;2;2MC00126;BUGANVILLAS_B_23138
174;23137;2;2MC00125;BUGANVILLAS_A_23137
218;KNF2089;2;2MC00127;CAFERGU_ESC01_KNF2089
166;229;2;2MC00128;CAISO_A_229
167;230;2;2MC00129;CAISO_B_230
680;89146;2;2MC00130;CAJA_CORDES_MONTACAMILLAS_89146
681;89147;2;2MC00131;CAJA_CORDES_SOCIAL_89147
603;81993;2;2MC00132;CAJA_DE_SALUD_BCA_PRIVADA_81993
1233;55495;2;2MC01202;CAJA_PRETROLERA_DE_SALUD_55495
462;66129;2;2MC00133;CALA_CALA_A_66129
463;66130;2;2MC00134;CALA_CALA_B_66130
762;9512;2;2MC00135;CALA_I_9512
602;81540;2;2MC00136;CAMARA_FORESTAL_A81540
268;35793;2;2MC00137;CAMPERO_35793
257;35427;2;2MC00138;CAMPOVERDE_35427
571;78676;2;2MC00139;CAMPOVERDE_BENI_78676
145;2169;2;2MC00140;CAMPOVERDE_II_2169
742;94021;2;2MC00141;CANDY_94021
1252;57127;2;2MC01176;CANTABRIA_57127
415;59346;2;2MC00142;CAPRILES_59346
331;4514;2;2MC00143;CARABELA_A_04514
332;4515;2;2MC00144;CARABELA_B_04515
1000;42862;2;2MC00145;CARBALLO_MURGA_42862
398;57699;2;2MC00146;CARDIE_57699
1509;70788;2;2MC01232;CARILO_70788
196;26595;2;2MC00147;CARRARA_26595
731;93579;2;2MC00148;CASA_DE_REP_LA_COLONIA_93579
189;25390;2;2MC00149;CASA_DE_REP_LA_COLONIA_HIDRAL_25390
536;75522;2;2MC00150;CASA_GRANDE_75522
37;13379;2;2MC00151;CASA_SAN_CARLOS_13379
48;13904;2;2MC00152;CASTELLON_13904
522;74188;2;2MC00153;CELCA_II_74188
413;58482;2;2MC00162;CENTAURO_58482
1370;61049;2;2MC01157;CENTRO_ACUATICO_61049
1371;61050;2;2MC01203;CENTRO_ACUATICO_61050
970;41155;2;2MC00154;CENT_COM_GARONI_41155
1289;57807;2;2MC01089;CENTR_COM_MEDINA_57807
1397;62825;2;2MC01233;CENT_DE_HEMODIALISIS_62825
206;2956;2;2MC00157;CENT_EMPR_MAGNUS_A_02956
207;2957;2;2MC00158;CENT_EMPR_MAGNUS_B_02957
767;9671;2;2MC00163;CENTRO_INTEG_MA_URKUPI?A_09671
1166;52142;2;2MC00159;CENT_MEDICO_FLORES_52142
913;28192;2;2MC01171;CENTRO_OPTICO_VISCARRA_28192
19;11773;2;2MC00160;CENT_PED_ALBINAPAT_MINICARGA_11773
56;MH-14875;2;2MC00161;CENT_PED_ALBINAPAT_MONTAHIDRAL_14875
1360;51757;2;2MC01177;CENTURY_51757
1140;51032;2;2MC01112;CEREZOS_A_51032
1141;51033;2;2MC01113;CEREZOS_B_51033
465;66578;2;2MC00164;CERVANTES_66578
154;223;2;2MC00165;CHARLOTE_223
1189;53298;2;2MC01234;CHARLOTTE_II_B_53298
1190;53297;2;2MC01235;CHARLOTTE_II_A_53297
1312;58546;2;2MC01142;VILLA_OLIMPICA_A_SERRANO_58546
1313;58547;2;2MC01148;VILLA_OLIMPICA_II_A_SERRANO_58547
1016;29842;2;2MC00166;CHIMORE_29842
1459;67075;2;2MC01237;CIBELES_QLLO_67075
178;23416;2;2MC00167;CIDRE_23416
457;65822;2;2MC00170;CINE_CENTER_ASC_65822
211;SHE2006-051;2;2MC00171;CINE_CENTER_ESC_3
770;27093;2;2MC00172;CINE_CENTER_QLLO_27093
869;T13943;2;2MC00173;CINE_CENTER_QLLO_T13943
870;T13944;2;2MC00174;CINE_CENTER_QLLO_T13944
385;55136;2;2MC00176;CLARIS_TORRE_I_55136
354;51975;2;2MC00177;CLARIS_TORRE_II_51975
469;67014;2;2MC00178;CLAROS_67014
364;53374;2;2MC00179;CLAVIJO_&_HIJOS_53374
31;21451;2;2MC00181;CLIN_ARANO_21451
170;23132;2;2MC00185;CLINICA_AREBALO_A_23132
171;23133;2;2MC00186;CLINICA_AREBALO_B_23133
1212;54562;2;2MC00182;CLIN_BELGA_54562
1347;MH017002;2;2MC00183;CLIN_BELGA_MH017002
177;23292;2;2MC00187;CLINICA_COCHABAMBA_23292
853;32381;2;2MC00180;CLIN_ACCIDT_ANDRADE_32381
160;2251;2;2MC00188;CLINICA_EL_CARMEN_2251
173;23136;2;2MC00191;CLINICA_METROPOLITANA_23136
895;35551;2;2MC00193;CLINICA_MORALES_35551
1148;51437;2;2MC00194;CLINICA_SAAVEDRA_51437
1491;67850;2;2MC01180;CLIN_SAN_JUAN_DE_DIOS_67850
474;67281;2;2MC00190;CLINICA_MARIA_DE_LOS_ANGELES_67281
473;67280;2;2MC00189;CLINICA_MARIA_DE_LOS_ANGELES_67280
825;25018;2;2MC00195;CNS_25018
826;25019;2;2MC00196;CNS_25019
1132;50558;2;2MC00198;CODACAR_50558
867;33799;2;2MC00199;CODENSA_33799
511;72308;2;2MC00200;COL_ADVENTISTA_CBBA_72308
312;41758;2;2MC00201;COLIBRI_41758
842;31614;2;2MC00202;COLIBRI_LINCOLN_31614
1314;58554;2;2MC01050;VILLA_OLIMPICA_B_COBAS_58554
1326;58555;2;2MC01055;VILLA_OLIMPICA_II_B_COBAS_58555
827;DHT-130551T;2;2MC00203;COLOMBO_1_DHT_130551T
907;DHT-130551T (3);2;2MC00205;COLOMBO_3_DHT_130551T
852;DHT-130551T (2);2;2MC00204;COLOMBO_2_DHT_30551T
868;32472;2;2MC00206;COLON_32472
87;17371;2;2MC00208;COMP_HABIT_LAS_TORRES_17371
88;17372;2;2MC00209;COMP_HABIT_LAS_TORRES_17372
89;17373;2;2MC00210;COMP_HABIT_LAS_TORRES_17373
1383;60826;2;2MC01125;COMP_HOT_VILLA_OLIMPICA_SEC2.1_60826
1384;60827;2;2MC01126;COMP_HOT_VILLA_OLIMPICA_SEC2.1_60827
1366;60563;2;2MC01093;COMP_HOT_VILLA_OLIMPICA_SEC2.1_60563
1367;60562;2;2MC01127;COMP_HOT_VILLA_OLIMPICA_SEC2.1_60562
1368;60561;2;2MC01129;COMP_HOT_VILLA_OLIMPICA_SEC2.1_60561
1369;60560;2;2MC01128;COMP_HOT_VILLA_OLIMPICA_SEC2.1_60560
333;4529;2;2MC00211;COMPOSTELA_4529
272;35930;2;2MC00212;COMTECO_A_35930
273;35931;2;2MC00213;COMTECO_B_35931
300;40609;2;2MC00214;COMTECO_C_40609
194;25921;2;2MC00216;CONCEJO_MPAL_DE_SACABA_25921
847;25922;2;2MC00215;CONCEJO_MPAL_DE_SACABA_25922
1358;60023;2;2MC01088;CONCORDIA_60023
965;40344;2;2MC01107;COND_ALAMEDA_40344
964;40345;2;2MC01108;COND_ALAMEDA_40345
963;40349;2;2MC00217;COND_ALAMEDA_40349
962;40350;2;2MC00218;COND_ALAMEDA_40350
966;40351;2;2MC00219;COND_ALAMEDA_40351
866;33268;2;2MC00220;COND_EL_CARMEN_33268
148;21839;2;2MC00221;COND_GARDENIAS_A_21839
149;21840;2;2MC00222;COND_GARDENIAS_B_21840
1078;45665;2;2MC00223;COND_LIBERTADOR_45665
1079;45666;2;2MC00224;COND_LIBERTADOR_45666
1080;45667;2;2MC00225;COND_LIBERTADOR_TORRE_IIB_45667
1081;45668;2;2MC00226;COND_LIBERTADOR_TORRE_IIA_45668
662;87474;2;2MC00227;COND_LINCOLN_A_87474
663;87475;2;2MC00228;COND_LINCOLN_B_87475
618;83545;2;2MC00229;COND_LOS_OLIVOS_83545
517;73632;2;2MC00230;COND_PEREZ_73632
367;5341;2;2MC00231;COND_PEREZ_TORREII_5341
1155;51439;2;2MC00232;COND_TAMESIS_A_51439
1156;51438;2;2MC00233;COND_TAMESIS_B_51438
125;20052;2;2MC00234;COND_VILLA_ALCALA_A_20052
126;20053;2;2MC00235;COND_VILLA_ALCALA_B_20053
317;42108;2;2MC00236;CONFORT_A_42108
318;42109;2;2MC00237;CONFORT_B_42109
358;5303;2;2MC00238;CONSESO_DPTO_5303
464;6633;2;2MC00239;CONSESO_OFICINAS_6633
163;22693;2;2MC00240;CONSTANTINO_I_22693
974;41159;2;2MC00241;CONSTANTINO_III_41159
1378;60796;2;2MC01130;CONSTANTINO_IV_60796
450;65177;2;2MC00242;CONSTANZA_65177
875;34082;2;2MC00244;CONSTITUCION_34082
876;34081;2;2MC00243;CONSTITUCION_34081
718;91605;2;2MC00245;CONSTITUCION_A_91605
719;91606;2;2MC00246;CONSTITUCION_B_91606
261;35649;2;2MC00248;CONTINENTAL_A_35649
262;35650;2;2MC00249;CONTINENTAL_B_35650
529;74731;2;2MC00254;COOP_SAN_JOAQUIN_74731
482;6806;2;2MC00251;COOP_JESUS_NAZARENO_06806
1060;45443;2;2MC00252;COOP_LOYOLA_AGE_CENTRAL_45443
1052;45405;2;2MC00253;COOP_LOYOLA_AGE_SAN_MARTIN_45405
1126;50794;2;2MO00027;COPACABANA_50794
1494;XBO67899;2;2MC01238;COPACABANA_67899
1072;45588;2;2MC00256;CORSINO_GARCIA_45588
1785;MM0001;2;2MC01304;COSTA_AZUL_MM0001
108;1910;2;2MC00257;COSTA_BELLA_1910
609;82464;2;2MC00258;COSTA_BRAVA_82464
185;24823;2;2MC00276;DUBAI_AYACUCHO_24823
213;3057;2;2MC00259;COSTA_ESMERALDA_01614
674;88396;2;2MC00260;COSTA_ESTE_88396
73;16085;2;2MC00261;CUSSI_16085
330;45082;2;2MC00262;DALIA_45082
282;3678;2;2MC00263;DANAS_03678
258;35449;2;2MC00264;DANIELA_Y_HERMANOS_35449
327;43914;2;2MC00265;DANYMAR_43914
994;42026;2;2MC00266;DAROS_42026
1472;51755;2;2MC01309;DASOGA_51755
243;35094;2;2MC00267;DATACOM_35094
323;43466;2;2MC00268;DAVID_&_ZACK_43466
639;8502;2;2MC00269;DE_LA_VIA_8502
441;63461;2;2MC00270;DELGADILLO_63461
986;41561;2;2MC00271;DOLPHIN_A_41561
987;41562;2;2MC00272;DOLPHIN_B_41562
446;63703;2;2MC00055;APART_HOTEL_DE_LA_TORRE_63703
158;2249;2;2MC00273;DOMENICO_2249
756;94947;2;2MC00274;DON_MELCHOR_94947
757;94948;2;2MC00275;DON_MELCHOR_94948
1385;60984;2;2MC01095;DORAUS_60984
1632;79826;2;2MC01314;DREAM_79826
811;28193;2;2MC00277;DUBAI_STA_CRUZ_28193
1506;70877;2;2MC01315;DUPONT_70877
1404;63180;2;2MC01114;DURAN_63180
720;91607;2;2MC01163;DYNAMICA_91607
1214;54489;2;2MC00278;EBENEZER_54489
746;94397;2;2MC00279;EBENEZER_94397
130;20339;2;2MC00280;ECO_I_20339
1317;58551;2;2MC01120;VILLA_OLIMPICA_II_B_TITANIUM_58551
1318;58550;2;2MC01051;VILLA_OLIMPICA_B_TITANIUM_58550
260;35648;2;2MC00281;EDAN_35648
12;110171;2;2MC00282;EDEN_A_BLT_110171
13;110172;2;2MC00283;EDEN_B_BTL_110172
14;110173;2;2MC00284;EDEN_C_BTL_110173
1169;52123;2;2MC00285;EDIF_ALCOCER_52123
854;32382;2;2MC00184;CLIN_DEL_ACCIDT_32382
976;41512;2;2MC00287;EDIF_JUD_VILLA_TUNARI_41512
896;35552;2;2MC00286;EDIF_JUD_VILLA_TUNARI_35552
410;58479;2;2MC00288;EDUMAR_58479
389;56306;2;2MC00289;EL_BET_EL_A_56306
390;56307;2;2MC00290;EL_BET_EL_B_56307
840;31578;2;2MC00291;EL_BUEN_VIVIR_I_31578
841;31613;2;2MC00292;EL_BUEN_VIVIR_II_31613
1168;52122;2;2MC01172;EL_BUEN_VIVIR_III_52122
296;40558;2;2MC00293;EL_CARMEN_40558
574;79233;2;2MC00294;EL_CEIBO_79233
434;62903;2;2MC00295;EL_CIPRES_62903
435;62904;2;2MC00296;EL_CIPRES_62904
1607;77798;2;2MC01312;EL_CRISTO_77798
429;62172;2;2MC00297;EL_DORAL_62172
430;62173;2;2MC00298;EL_DORAL_62173
428;62171;2;2MC00299;EL_DORAL_II_62171
978;41510;2;2MC00300;EL_GABAN_41510
468;67013;2;2MC00301;EL_INTI_67013
460;66124;2;2MC00303;EL_LIBERTADOR_I_66124
544;76407;2;2MC00302;EL_LIBERTADOR_FASE_II_76407
606;82402;2;2MC00304;EL_MOLLE_82402
972;41152;2;2MC00305;EL_OLAM_41152
973;41153;2;2MC00306;EL_OLAM_41153
1307;58531;2;2MC01096;EL_PARQUE_58531
109;1913;2;2MC00307;EL_PORTAL_A_1913
110;1914;2;2MC00308;EL_PORTAL_B_1914
831;30372;2;2MC00309;EL_PRADO_BUSINES_30372
324;43653;2;2MC00310;EL_PRINCIPITO_43653
732;93580;2;2MC00311;EL_REMANSO_A_93580
733;93581;2;2MC00312;EL_REMANSO_B_93581
734;93582;2;2MC00313;EL_REMANSO_C_93582
66;15446;2;2MC00314;EL_ROBLE_15446
659;87243;2;2MC00315;EL_ROSAL_87243
1271;57295;2;2MC01097;EL_ROSAL_57295
425;6149;2;2MC00316;EL_SALVADOR_06149
779;27358;2;2MC00317;EL_SOLAR_27358
334;4569;2;2MC00318;ELEGANZA_4569
1457;67032;2;2MC01224;EL_OHIM_67032
1461;67117;2;2MC01239;EL_OHIM_A_67117
1462;67118;2;2MC01240;EL_OHIM_B_67118
1463;67033;2;2MC01241;EL_OHIM_D_67033
911;36218;2;2MC00319;ELSITA_36218
1002;43275;2;2MC00320;EMADE_43275
96;17801;2;2MC00321;EMINENCE_A_17801
97;17802;2;2MC00322;EMINENCE_B_17802
101;18390;2;2MC00323;EMINENCE_II_18390
1458;67030;2;2MC01159;EMMANUEL_67030
1213;54498;2;2MC01197;EMPRESARIAL_VIRGINIA_54498
426;6176;2;2MC00324;EOS_6176
937;38870;2;2MC00325;EPRIM_38870
1403;63636;2;2MC01242;ESCALA_63636
1466;67119;2;2MC01204;ESPERANZA_67119
407;58323;2;2MC00326;ESPERANZA_58323
79;1614;2;2MC00327;ESPINOZA_1614
1010;44801;2;2MC00328;ESPINOZA_QLLO_44801
1067;45575;2;2MC00329;ESPLENDIDA_45575
1086;44040;2;2MC00330;ESSENZA_A_44040
1033;44041;2;2MC00331;ESSENZA_B_44041
1089;EH93209;2;2MC00332;EVA_EH93209
834;30534;2;2MC00333;FAC_DE_ARQUIT_UMSS_30534
838;30535;2;2MC00334;FAC_DE_ARQUIT_UMSS_30535
952;38739;2;2MC00335;FAC_DE_BIO_Y_FARM_38739
953;38740;2;2MC00336;FAC_DE_BIO_Y_FARM_38740
1669;81030;1;2MC01316;FACULTAD_DE_DERECHO_A_81030
1679;81031;1;2MC01317;FACULTAD_DE_DERECHO_B_81031
904;35031;2;2MC00337;FAC_TECNOLOGIA_35031
905;35032;2;2MC00338;FAC_TECNOLOGIA_35032
1205;53883;2;2MC00346;FLIA_AGUILAR_53883
1377;60571;2;2MC01090;FLIA_ALMARAZ_60571
657;86967;2;2MC00347;FLIA_ANTEZANA_86967
1398;62817;2;2MC01243;FLIA_ARRAYA_62817
1386;60981;2;2MC01098;FLIA_BALDELOMAR_60981
1303;58524;2;2MC00348;FLIA_BLANCO_58524
116;17292;2;2MC00349;FLIA_CALLE_17292
1293;58016;2;2MC01181;FAMILIA_CAMPOS_58016
1531;72707;2;2MC01245;FLIA_CAMPOS_CALANCHA_72707
85;17275;2;2MC00350;FLIA_CORDOVA_17275
1396;62827;2;2MC01206;FLIA_FUENTES_62827
124;20041;2;2MC00351;FLIA_HINOJOSA_20041
1231;55468;2;2MC00352;FLIA_LA_TAPIA_55468
1101;48206;2;2MC00353;FLIA_MEJIA_AYACUCHO_48206
591;8007;2;2MC00355;FLIA_MENDOZA_8007
447;64276;2;2MC00356;FLIA_MERCADO_64276
26;12851;2;2MC00357;FLIA_MONTA헲_12851
1594;76403;2;2MC01244;FLIA_ROJAS_76403
1615;78717;2;2MC01246;FLIA_ROJAS_GARCIA_78717
65;15444;2;2MC00358;FLIA_ROMERO_QLLO_15444
1393;62823;2;2MC01174;FLIA_SALINAS_62823
1135;50889;2;2MC00359;FLIA_SILES_50889
621;83809;2;2MC00361;FLIA_TERRAZAS_BLANCO_83809
23;12286;2;2MC00362;FLIA_TERRAZAS_II_12286
1365;60564;2;2MC01207;FLIA_TORRICO_60564
1105;48436;2;2MC01247;FLIA_VALDIVIA_48436
1305;58520;2;2MC00363;FLIA_VARGAS_QLLO_58520
1100;48205;2;2MC00364;FLIA_VASQUEZ_VASQUEZ_48205
1348;59838;2;2MC01091;FLIA_VILLARROEL_59838
1619;78776;2;2MC01318;FLIA_ZALLES_78776
176;23139;2;2MC00339;FED_AUTOTRANSP_CBBA_23139
183;24231;2;2MC00340;FELMAR_24231
1431;65080;2;2MC01123;FERRARAN_65080
944;40122;2;2MC00341;FERRARI_40122
295;40512;2;2MC00342;FIDE_40512
1218;54495;2;2MC00343;FISHER_54495
862;33168;2;2MC00344;FLAMINGO_TOWER_33168
863;33169;2;2MC00345;FLAMINGO_TOWER_33169
730;92877;2;2MC00354;FLIA_MENDIZABAL_92877
293;40011;2;2MC00365;FORTALEZA_40011
736;93817;2;2MC00366;FORTALEZA_93817
215;3124;2;2MC00367;FRANCI_3124
1666;84515;2;2MC01319;FRANCISCO_84515
1006;21330;2;2MC00368;FRANCO_MARIA_21330
310;41705;2;2MC00369;FRANZUR_A_41705
1660;80568;2;2MC01302;VIVA_OFI_STA_CRUZ_80568
456;65768;2;2MC00371;GAL_ANGOSTURA_65768
1157;51292;2;2MC00372;GAL_CERVANTES_51292
1495;67929;2;2MC01248;GALERIA_COSCENTER_67929
1573;74786;2;2MC01249;GALERIA_JAZMIN_74786
1292;57967;2;2MC00373;GAL_URKUPI헤_57967
119;19621;2;2MC00374;GALU_19621
513;73173;2;2MC00375;GAVIOTA_73173
9;10721;2;2MC00376;GEMAS_10721
1306;58533;2;2MC00377;GERMAN_BUSTOS_58533
1364;60565;2;2MC01158;GIMNASIO_ODESUR_60565
728;92874;2;2MC00378;GIRASOLES_92874
195;26538;2;2MC00379;GIRONAS_26538
408;5836;2;2MC00380;GLOBOS_05836
214;KNF2088;2;2MC00381;GLOBOS_ESC_KNF2088
328;44420;2;2MC00382;GLORIA_44420
1008;44805;2;2MC00383;GOLDEN_TOWER_A_44805
1009;44806;2;2MC00384;GOLDEN_TOWER_B_44806
122;19970;2;2MC00385;GONZALES_19970
1382;60830;2;2MC01092;GRETA_60830
624;83926;2;2MC00386;GUADALUPE_NORTE_A_83926
625;83927;2;2MC00387;GUADALUPE_NORTE_B_83927
626;83928;2;2MC00388;GUADALUPE_SUD_A_83928
627;83929;2;2MC00389;GUADALUPE_SUD_B_83929
554;76914;2;2MC00390;GUSOT_A_76914
555;76915;2;2MC00391;GUSOT_B_76915
1335;58542;2;2MC01152;VILLA_OLIMPICA_II_B_CYC_58542
1336;58543;2;2MC01153;VILLA_OLIMPICA_II_B_CYC_58543
1160;51459;2;2MC01094;GUZMAN_51459
688;89646;2;2MC00393;HACIENDA_STA_MARIA_89646
615;83438;2;2MC00394;HEIDY_83438
494;6879;2;2MC00395;HEREDIA_BELTRAN_6879
266;35760;2;2MC00396;HERMA_35760
322;43465;2;2MC00397;HERMANOS_CAVERO_43645
864;33170;2;2MC00398;HEROINAS_33170
865;33229;2;2MC00399;HEROINAS_33229
1352;59424;2;2MC01131;HEROS_59424
402;57703;2;2MC00400;HERSMAN_57703
386;55310;2;2MC00401;HIJAS_DE_JESUS_55310
599;81064;2;2MC00402;HNAS_DE_LAS_ESC_CRIST_81064
619;83804;2;2MC00403;HOGAR_SAGRADO_CORAZON_DE_JESUS_83804
1113;48928;2;2MC00404;HOME_CENTER_48928
856;32513;2;2MC00410;HOSP_JOSE_DE_LA_REZA_32513
1114;48972;2;2MC00405;HOSP_CBBA_CAMILLERO_48972
1134;EH98048;2;2MC00406;HOSP_CBBA_HIDRAL_EH98048
1115;48971;2;2MC00407;HOSP_CBBA_SOCIAL_48971
727;92464;2;2MC00408;HOSP_HARRY_WILLIAMS_92464
999;22676;2;2MC00409;HOSP_INFANTIL_MEXICO_22676
1484;67586;1;2MC01250;HOSPITAL_PUNATA_A_67586
1485;67587;1;2MC01251;HOSPITAL_PUNATA_B_67587
1486;67588;1;2MC01252;HOSPITAL_PUNATA_C_67588
1487;67591;1;2MC01253;HOSPITAL_PUNATA_D_67591
1488;67592;1;2MC01254;HOSPITAL_PUNATA_E_67592
1152;51287;2;2MC01186;HOSP_SALOMON_KLEIN_51287
1153;51288;2;2MC01187;HOSP_SALOMON_KLEIN_51288
1150;51290;2;2MC01188;HOSP_SALOMON_KLEIN_51290
1151;51291;2;2MC01189;HOSP_SALOMON_KLEIN_51291
1154;51289;2;2MC01190;HOSP_SALOMON_KLEIN_51289
349;51284;2;2MC00411;HOSTAL_MILKA_51284
1116;49314;2;2MC00412;HOSTAL_AREVALO_49314
352;51506;2;2MC00413;HOSTAL_ECUATORIAL_51506
1041;43605;2;2MC00414;HOTEL_ALMANZA_43605
1230;55425;2;2MC01208;HOTEL_CAMINO_PLAZA_55425
35;13374;2;2MC00417;HOTEL_CBBA_A_13374
36;13375;2;2MC00418;HOTEL_CBBA_B_13375
878;33533;2;2MC00419;HOTEL_EL_ARCO_33533
301;40716;2;2MC00421;HOTEL_KOKUSAI_40716
749;94400;2;2MC00422;HOTEL_LA_COLONIA_94400
347;5;2;2MC00424;HOTEL_LA_COLONIA_EM_B_5
656;86944;2;2MC00425;HOTEL_LA_COLONIA_SERV_86944
655;86943;2;2MC00426;HOTEL_LA_COLONIA_SOC_86943
156;22472;2;2MC00427;HOTEL_LEON_22472
969;41105;2;2MC01165;HOTEL_MAGNO_41105
394;57155;2;2MC00428;HOTEL_OBLITAS_57155
263;35657;2;2MC00429;HOTEL_OVANDO_35657
382;5437;2;2MC00646;MONTA헲_URUGUAY_5437
1451;66677;2;2MC01178;HOTEL_PRINCIPITO_66677
505;7200;2;2MC00430;HOTEL_REGINA_7200
612;82694;2;2MC00431;HOTEL_REGINA_82694
137;21213;2;2MC00432;HOTEL_TOLOMA_21213
664;87510;2;2MC00433;HOTEL_TOLOMA_87510
711;91080;2;2MC00434;HOTEL_TOLOMA_91080
1467;54483;2;2MC01132;HUMBERTO_EX_VILLA_GERMANIA_54483
950;35472;2;2MC00436;HUPERMALL_APART_HOTEL_35472
951;35473;2;2MC00435;HUPERMALL_APART_HOTEL_35473
653;8631;2;2MC00437;HUPERMALL_COMERCIAL_A_8631
654;8632;2;2MC00438;HUPERMALL_COMERCIAL_B_8632
652;35474;2;2MC00440;HUPERMALL_DPTO_A_35474
219;KNF2260;2;2MC00441;HUPERMALL_ESC_KNF2260
220;KNF2269;2;2MC00450;HUPERMALL_ESC_KNF2269
221;KNF2261;2;2MC00442;HUPERMALL_ESC_KNF2261
224;KNF2264;2;2MC00445;HUPERMALL_ESC_KNF2264
225;KNF2265;2;2MC00446;HUPERMALL_ESC_KNF2265
1161;KNF2262;2;2MC00443;HUPERMALL_ESC_KNF2262
1162;KNF2263;2;2MC00444;HUPERMALL_ESC_KNF2263
1163;KNF2266;2;2MC00447;HUPERMALL_ESC_KNF2266
1164;KNF2268;2;2MC00449;HUPERMALL_ESC_KNF2268
1165;KNF2267;2;2MC00448;HUPERMALL_ESC_KNF2267
968;41154;2;2MC00451;HUPERMALL_MONT_41154
887;35471;2;2MC00453;HUPERMALL_OFICINA_35471
888;35470;2;2MC00452;HUPERMALL_OFICINA_35470
943;39554;2;2MC00392;H_Y_H_39554
1249;56144;2;2MC00454;IAS_56144
675;88588;2;2MC00455;IBIZA_NORTE_88588
687;89573;2;2MC00456;IBIZA_SAN_PEDRO_89573
1648;THYESSEN3;2;2MC01255;IC_NORTE_A_THYESSEN_3
1649;THYESSEN4;2;2MC01256;IC_NORTE_B_THYESSEN_4
1650;THYESSEN5;2;2MC01257;IC_NORTE_ESC_A_THYESSEN_5
1651;THYESSEN6;2;2MC01258;IC_NORTE_ESC_B_THYESSEN_6
1652;THYESSEN7;2;2MC01259;IC_NORTE_ESC_C_THYESSEN_7
1653;THYESSEN8;2;2MC01260;IC_NORTE_ESC_D_THYESSEN_8
1514;57150;2;2MC01133;ICARO_57150
68;15469;2;2MC00457;ICHIBAN_A_15469
69;15470;2;2MC00458;ICHIBAN_B_15470
1219;53875;2;2MC00459;ICONO_53875
1220;53876;2;2MC00460;ICONO_53876
235;34837;2;2MC00461;ILAT_34837
671;88004;2;2MC00463;INCERPAZ_88004
105;18674;2;2MC00464;INDIGO_18674
525;74504;2;2MC00465;INDRA_74504
758;94949;2;2MC00466;INGLA_94949
132;20428;2;2MC00467;INNOVA_20428
131;20427;2;2MC00468;INNOVA_REST_20427
794;12696;2;2MC00469;INTERMODALIDAD_12696
77;1612;2;2MC00470;INTI_II_1612
78;1613;2;2MC00471;INTI_II_1613
1031;44277;2;2MC00472;INTURIAS_44277
712;91219;2;2MC00473;ISABELLA_A_91219
713;91220;2;2MC00474;ISABELLA_B_91220
735;93687;2;2MC00475;ISABELLA_II_93687
858;32531;2;2MC00476;ISABELLA_III_32531
498;69708;2;2MC00477;ISMAEL_ROCHA_69708
933;38086;2;2MC01134;ISOS_38086
934;38085;2;2MC00480;ISOS_38085
935;38017;2;2MC00478;ISOS_38017
936;38018;2;2MC00479;ISOS_38018
393;56779;2;2MC00481;ISRAEL_ZEGARRA_PANIAGUA_56779
384;54582;2;2MC00482;ISTAR_54582
553;76633;2;2MC00483;ITALIA_76633
100;18311;2;2MC00484;IVIRGARZAMA_18311
399;57700;2;2MC00485;JADE_II_57700
485;68504;2;2MC00486;JAEL_68504
921;37699;2;2MC00487;JAIME_FUENTE_37699
445;63702;2;2MC00488;JAIMES_63702
278;3632;2;2MC00489;JARDIN_DE_LAS_ACACIAS_A_3632
279;3633;2;2MC00490;JARDIN_DE_LAS_ACACIAS_B_3633
280;3634;2;2MC00491;JARDIN_DE_LAS_ACACIAS_C_3634
698;90226;2;2MC00492;JARDIN_I_90226
439;63358;2;2MC00493;JAZMIN_63358
723;92275;2;2MC00494;JAZMINE_A_92275
724;92276;2;2MC00495;JAZMINE_B_92276
1203;53880;2;2MC01175;JASMINES_SUSANO_AZOGUE_53880
623;83868;2;2MC00496;JC_83868
512;72313;2;2MC00497;JHADIM_72313
344;489;2;2MC00498;JHADIM_II_489
1177;44068;2;2MC00499;JOSE_FERRUFINO_44068
617;83544;2;2MC00500;JUAN_DANIEL_83544
628;84040;2;2MC00501;JUAN_DANIEL_II_84040
629;84041;2;2MC00502;JUAN_DANIEL_II_84041
768;9728;2;2MC00503;JUAN_DANIEL_III_09728
594;8018;2;2MC00506;JUAN_PABLO_II_FASE_IA_8018
595;8019;2;2MC00507;JUAN_PABLO_II_FASE_IB_8019
641;8505;2;2MC00504;JUAN_PABLO_II_FASE_IC_8505
642;8506;2;2MC00505;JUAN_PABLO_II_FASE_ID_8506
1242;55799;2;2MC01099;JUANFER_55799
1593;CT0002;2;2MC01193;JUAREZ_GUZMAN_CT0002
489;68580;2;2MC00508;JUPITER_68580
1243;55801;2;2MC01218;JYL_55801
1244;55800;2;2MC01100;JYL_55800
1718;82532;2;2MC01320;KAIROS_82532
644;856;2;2MC00509;KANTUTA_856
1304;55609;2;2MC01209;KAPADARE_55609
753;94553;2;2MC00510;KENNEDY_94553
403;58246;2;2MC00512;KOLBE_58246
411;58480;2;2MC00513;KOTORIY_58480
710;91079;2;2MC00514;KYONDO_91079
545;76418;2;2MC00515;LA_BOHEME_76418
546;76419;2;2MC00516;LA_BOHEME_76419
565;7744;2;2MC00517;LA_CAMPI헤_TORRE_A_07744
567;7745;2;2MC00518;LA_CAMPI헤_TORRE_B_07745
566;7746;2;2MC00519;LA_CAMPI헤_TORRE_C_07746
294;40128;2;2MC00520;LA_CASONA_40128
947;39670;2;2MC00521;LA_CASONA_A_39670
946;39669;2;2MC00522;LA_CASONA_B_39669
752;94549;2;2MC00523;LA_CASTA헤_94549
139;21322;2;2MC00524;LA_CATOLICA_21322
140;21323;2;2MC00525;LA_CATOLICA_21323
313;41913;2;2MC00526;LA_CORONA_A_H_41913
1004;29836;2;2MC00527;LA_FLORIDA_BLOQ_I_29836
1005;29843;2;2MC00528;LA_FLORIDA_BLOQ_II_29843
61;15337;2;2MC00529;LA_FONTANA_15337
62;15338;2;2MC00530;LA_FONTANA_15338
593;8012;2;2MC00531;LA_FUENTE_A_8012
592;8011;2;2MC00532;LA_FUENTE_B_8011
993;42025;2;2MC00533;LA_LATINA_42025
269;358;2;2MC00534;LA_NORIA_358
600;81065;2;2MC00535;LA_ORQUIDA_81065
679;88720;2;2MC00536;LA_PROMOTORA_88720
1601;77145;2;2MC01321;LA_PROMOTORA_B_77145
660;87250;2;2MC00537;LAFAYETTE_87250
661;87251;2;2MC00538;LAFAYETTE_87251
484;68503;2;2MC00539;LAMAS_68503
297;40559;2;2MC00540;LAS_ACACIAS_A_40559
92;17592;2;2MC00541;LAS_ACACIAS_B_17592
91;17591;2;2MC00542;LAS_ACACIAS_C_17591
906;35033;2;2MC00543;LAS_ACACIAS_D_35033
1146;51257;2;2MC00544;LAS_ACACIAS_III_51257
1362;60798;1;2MC01205;FLIA_ARNEZ_TORRICO_60798
40;13409;2;2MC00545;LAS_AMERICAS_I_13409
39;13408;2;2MC00546;LAS_AMERICAS_II_A_13408
184;24443;2;2MC00547;LAS_AMERICAS_II_B_24443
1302;58521;2;2MC01160;LAS_COLINAS_58521
502;70259;2;2MC00548;LAS_GARDENIAS_A_70259
503;70260;2;2MC00549;LAS_GARDENIAS_B_70260
1290;57806;2;2MC01261;LAS_GAVIOTAS_57806
1030;44038;2;2MC00550;LAS_MORAS_44038
1029;44039;2;2MC00551;LAS_MORAS_44039
740;94014;2;2MC00552;LAS_RETAMAS_A_94014
741;94015;2;2MC00553;LAS_RETAMAS_B_94015
859;32668;2;2MC00554;LAS_TRES_MARIAS_32668
759;9509;2;2MC00555;LAS_VI헤S_9509
1448;67130;2;2MC01210;LEPARC_67130
1449;67129;2;2MC01211;LEPARC_67129
1036;44064;2;2MC00556;LIBANO_44064
776;27313;2;2MC00557;LIBERTAD_27313
884;34816;2;2MC00558;LIDO_34816
191;25617;2;2MC00559;LONDON_TOWER_A_25617
871;34073;2;2MC00560;LONDON_TOWER_B_34073
404;58247;2;2MC00561;LOS_ALAMOS_58247
11;10801;2;2MC00562;LOS_ANDES_10801
500;70254;2;2MC00563;LOS_ANGELES_A_70254
501;70255;2;2MC00564;LOS_ANGELES_B_70254
201;2825;2;2MC00565;LOS_CEREZOS_A_2825
202;2826;2;2MC00566;LOS_CEREZOS_B_2826
203;2827;2;2MC00567;LOS_CEREZOS_C_2827
204;2828;2;2MC00568;LOS_CEREZOS_D_2828
541;75859;2;2MC00569;LOS_ESCUDOS_75859
542;75860;2;2MC00570;LOS_ESCUDOS_75860
5;10206;2;2MC00571;LOS_MOLLES_A_10206
6;10207;2;2MC00572;LOS_MOLLES_B_10207
141;21327;2;2MC00573;LOS_NOGALES_A_21327
142;21328;2;2MC00574;LOS_NOGALES_B_21328
604;82140;2;2MC00575;LOS_PINOS_82140
43;13415;2;2MC00576;LOS_ROBLES_13415
783;27534;2;2MC00577;LOZANO_27534
1158;51351;2;2MC00578;LUCE_ENOE_51351
709;90772;2;2MC00580;LUIGUIS_90772
920;37698;2;2MC00581;LUSSO_37698
1357;60554;2;2MC01109;LUXOR_60554
585;7960;2;2MC00584;MACOR_7960
926;38396;2;2MC00585;MADRE_SELVA_38396
743;94310;2;2MC00586;MAGENTA_A_94310
744;94311;2;2MC00587;MAGENTA_B_94311
238;34920;2;2MC00588;MAGNOLIAS_A_34920
239;34921;2;2MC00589;MAGNOLIAS_B_34921
251;35320;2;2MC00590;MAHILS_II_35320
572;78680;2;2MC00591;MAJESTAD_A_78680
573;78681;2;2MC00592;MAJESTAD_B_78681
208;2960;2;2MC00593;MAJESTIC_A_02962
209;2962;2;2MC00594;MAJESTIC_B_2960
470;67015;2;2MC00595;MALDONADO_67015
996;43273;2;2MC00596;MANANTIAL_43273
822;24848;2;2MC00597;MANHATAN_24848
1136;50966;2;2MC00598;MAR_DE_PLATA_50966
534;7505;2;2MC00599;MARACAIBO_7505
424;61480;2;2MC00600;MARBAHE_HIDRAL_61480
30;13368;2;2MC00601;MARBAHE_ORONA_13368
133;20429;2;2MC00602;MARBELLA_20429
1176;52126;2;2MC00603;MARGARITA_52126
1433;65303;2;2MC01196;MARGARITA_ZEGALES_65303
369;53637;2;2MC00604;MARIA_FER_A_53637
370;53638;2;2MC00605;MARIA_FER_B_53638
451;65180;2;2MC00606;MARIA_LUCINDA_65180
766;95455;2;2MC00607;MARIA_LUISA_95455
568;77815;2;2MC00608;MARIMAR_77815
75;16099;2;2MC00609;MARINA_A_16099
74;16098;2;2MC00610;MARINA_B_16098
784;27577;2;2MC00611;MARIO_ZAMBRANA_27577
335;4571;2;2MC00612;MARISCAL_4571
1062;45587;2;2MC00613;MARITO_45587
1087;46314;2;2MC00614;MARSELLA_46314
1088;46315;2;2MC00615;MARSELLA_46315
359;5307;2;2MC00616;MAS_VIDA_5307
1184;52463;2;2MC00617;MATISSE_52463
1185;52464;2;2MC00618;MATISSE_52464
1411;63562;2;2MC01262;MATISSE_II:_A_63562
1412;63561;2;2MC01263;MATISSE_II:_B_63561
506;72303;2;2MC00619;MBC_72303
117;19461;2;2MC00620;MEDJUGORGE_19461
601;81299;2;2MC00621;MEDRANO_81299
57;15060;2;2MC00622;MEGACENTER_DUBAI_15060
229;3441;2;2MC00623;MEGACENTER_DUBAI_EM_1_3441
230;3442;2;2MC00624;MEGACENTER_DUBAI_EM_2_3442
231;3443;2;2MC00625;MEGACENTER_DUBAI_EM_3_3443
232;3444;2;2MC00626;MEGACENTER_DUBAI_EM_4_3444
909;35938;2;2MC00627;MEJIA_35938
509;72306;2;2MC00628;MENDOZA_72306
237;34919;2;2MC00629;MERCANTIL_34919
51;1450;2;2MC00630;MERIDA_VARGAS_1450
250;35313;2;2MC00631;MEXICO_35313
1530;72714;2;2MC01322;MIGUEL_ANGEL_II_72714
270;35835;2;2MC00632;MILLENIUM_A_35835
271;35836;2;2MC00633;MILLENIUM_B_35836
298;40598;2;2MC00634;MINERVA_A_40598
299;40599;2;2MC00635;MINERVA_B_40599
716;91601;2;2MC00636;MIRADOR_A_91601
717;91602;2;2MC00637;MIRADOR_B_91602
41;13413;2;2MC00638;MIRAGE_TOWER_A_13413
42;13414;2;2MC00639;MIRAGE_TOWER_B_13414
63;15350;2;2MC00640;MIRAMAR_15350
527;74594;2;2MC00641;MISTIC_A_74594
528;74595;2;2MC00642;MISTIC_B_74595
790;27319;2;2MC00643;MISTRAL_A_27319
789;27315;2;2MC00644;MISTRAL_B_27315
134;21092;2;2MC00645;MOLLINI_21092
682;89386;2;2MC00647;MONTE_VERDE_BLOQ_A_89386
683;89387;2;2MC00648;MONTE_VERDE_BLOQ_B_89387
684;89388;2;2MC00649;MONTE_VERDE_BLOQ_C_89888
808;17277;2;2MC00650;MONTERREY_17277
1498;69987;2;2MC01323;MORA_69987
668;87708;2;2MC00651;MORALES_87708
150;22047;2;2MC00652;MORANDE_A_22047
151;22048;2;2MC00653;MORANDE_B_22048
152;22049;2;2MC00654;MORANDE_C_22049
799;28995;1;2MC00657;MULTIACADEMICO_UMSS_28995
1012;44799;2;2MC01339;MULTIFAMIIAR_929_44799
1415;63780;2;2MC01264;MULTIFAMILIAR_929_63780
620;83808;2;2MC00658;MULTIFLIAR_LOPEZ_83808
885;34879;2;2MC00660;MULTIFLIAR_ROMERO_34879
1186;52597;2;2MC00655;MULTFAMILIAR_VARGAS_52597
143;21453;2;2MC00656;MULTFAMILIAR_Y_COM_ROSS_21453
697;902;2;2MC00661;MURANO_902
45;13515;2;2MC00662;MURIEL_13515
314;4209;2;2MC00663;NAHI_4209
210;2983;2;2MC00664;NANCY_III_2983
689;89881;2;2MC00666;NG_TOWER_A_89881
690;89882;2;2MC00667;NG_TOWER_B_89882
461;66125;2;2MC00669;NICOLE_66125
1616;78718;2;2MC01324;NICOLE_TROJES_78718
543;76292;2;2MC00668;NICOLE_2_76292
1569;74485;2;2MC01265;NOGUERA_74485
1201;53782;2;2MC00670;NTRA_SRA_CARMEN_53782
1208;53905;2;2MC00671;NU헨Z_53905
860;33167;2;2MC00673;OCEAN_TOWER_33167
861;33166;2;2MC00672;OCEAN_TOWER_33166
153;22146;2;2MC00674;OIKOS_22146
205;2950;2;2MC00675;OLGUIN_2950
507;72304;2;2MC00676;OLIMPIA_A_72304
508;72305;2;2MC00677;OLIMPIA_B_72305
319;42411;2;2MC00679;OLIMPO_42411
59;15296;2;2MC00678;OLIMPO_16_JUL_15296
400;57701;2;2MC00680;OLIMPO_II_57701
401;57702;2;2MC00681;OLIMPO_II_57702
320;42533;2;2MC00682;OLIVOS_I_42533
264;35659;2;2MC00684;OLIVOS_II_TORRE_1A_35659
721;91691;2;2MC00683;OLIVOS_II_CAPRILES_91691
466;67011;2;2MC00686;OLIVOS_II_TORRE_2A_67011
467;67012;2;2MC00687;OLIVOS_II_TORRE_2B_67012
692;89902;2;2MC00688;OMAR_SANCHEZ_89902
355;52255;2;2MC00689;OMONTE_52255
440;63366;2;2MC00690;ONIX_63366
1137;50964;2;2MC00691;OQUENDO_A_50964
1138;50965;2;2MC00692;OQUENDO_B_50965
928;BOL1502142009REV6- 1;2;2MC00693;ORG_JUD_CBBA_1_BOL1502142009REV6_1
929;BOL1502142009REV6- 2;2;2MC00694;ORG_JUD_CBBA_1_BOL1502142009REV6_2
930;BOL1502142009REV6- 3;2;2MC00695;ORG_JUD_CBBA_1_BOL1502142009REV6_3
931;BOL1502142009REV6- 4;2;2MC00696;ORG_JUD_CBBA_1_BOL1502142009REV6_4
932;BOL1502142009REV6- 5;2;2MC00697;ORG_JUD_CBBA_1_BOL1502142009REV6_5
350;51344;2;2MC00698;ORION_A_51344
351;51345;2;2MC00699;ORION_B_51345
412;58481;2;2MC00700;ORURO_58481
172;23135;2;2MC00701;OSIRIS_23135
83;16833;2;2MC00702;OXFORD_TOWER_A_16833
84;16834;2;2MC00703;OXFORD_TOWER_B_16834
387;56270;2;2MC00704;PABLO_IGNACIO_56270
2;10170;2;2MC00705;PACHAMAMA_10170
345;4902;2;2MC00706;PACIFIC_A_4902
346;4903;2;2MC00707;PACIFIC_B_4903
1007;90241;2;2MC00708;PADRES_REDENTORISTAS_90241
613;82695;2;2MC00709;PAKAY_82695
179;23685;2;2MC00710;PALERMO_23685
737;94009;2;2MC00711;PALMETTO_A_94009
738;94010;2;2MC00712;PALMETTO_B_94010
739;94011;2;2MC00713;PALMETTO_C_94011
1319;58549;2;2MC01155;VILLA_OLIMPICA_II_B_SERRANO_58549
1320;58548;2;2MC01146;VILLA_OLIMPICA_B_SERRANO_58548
665;87636;2;2MC00714;PANIAGUA_87636
699;90229;2;2MC00715;PANORAMA_A_90229
700;90230;2;2MC00716;PANORAMA_B_90230
1392;62540;2;2MC01212;PANORAMIC_62540
1333;58537;2;2MC01147;VILLA_OLIMPICA_II_A_ESTRUTEC_58537
1334;58536;2;2MC01141;VILLA_OLIMPICA_A_ESTRUTEC_58536
357;52702;2;2MC00717;PARAYSO_52702
341;4650;2;2MC00718;PARAYSO_II_4650
420;5986;2;2MC00719;PARQUE_OBLITAS_5986
563;76409;2;2MC00720;PARQUESOL_77409
564;76410;2;2MC00721;PARQUESOL_77410
472;67017;2;2MC00722;PASARELA_NORTE_67017
471;67016;2;2MC00723;PASARELA_SUD_67016
1774;67321;2;2MC01326;PASEO_FORESTA_67321
1111;48924;2;2MC00724;PASEO_RECOLETA_DPTO_A_48924
1112;48925;2;2MC00725;PASEO_RECOLETA_DPTO_B_48925
1109;48883;2;2MC00726;PASEO_RECOLETA_OF_48883
1110;48926;2;2MC00727;PASEO_RECOLETA_OF_48926
442;63491;2;2MC00728;PEDRO_DE_ALCANTARA_63491
368;5342;2;2MC00729;PE헤_0532
1221;55235;2;2MC01135;PE헤LOZA_55235
596;80901;2;2MC00730;PERSA_80901
1328;58538;2;2MC01118;VILLA_OLIMPICA_II_B_CLAYA_58538
1331;58539;2;2MC01119;VILLA_OLIMPICA_II_B_CLAYA_58539
820;25013;2;2MC00731;PHOENIX_25013
821;25007;2;2MC00732;PHOENIX_25007
419;5985;2;2MC00733;PIACENZA_5985
800;29022;2;2MC00735;PIAMONTE_29022
801;29021;2;2MC00734;PIAMONTE_29021
583;79511;2;2MC00736;PICASSO_A_79511
584;79512;2;2MC00737;PICASSO_B_79512
1420;64291;2;2MC01223;PILASTRA_64291
989;41698;2;2MC00738;PIRWA_BLOQ_1_A_41698
990;41699;2;2MC00739;PIRWA_BLOQ_1_B_41699
1045;43608;2;2MC00741;PIRWA_BLOQ_II_A_43608
1046;43609;2;2MC00740;PIRWA_BLOQ_II_B_43609
556;76916;2;2MC00742;PLATINUM_A_76916
557;76917;2;2MC00743;PLATINUM_B_76917
1361;60797;2;2MC01313;PLAZA_COLQUIRI_60797
701;90243;2;2MC00744;PLAZA_REAL_TORRE_IA_90243
702;90244;2;2MC00745;PLAZA_REAL_TORRE_IB_90244
703;90245;2;2MC00746;PLAZA_REAL_TORRE_IC_90245
586;7976;2;2MC00747;PLAZA_REAL_TORRE_IIA_7976
587;7977;2;2MC00748;PLAZA_REAL_TORRE_IIB_7977
588;7978;2;2MC00749;PLAZA_REAL_TORRE_IIC_7978
476;67577;2;2MC00750;PONTEVEDRA_67577
192;25618;2;2MC00751;PORTAL_DE_AMERICA_A_25618
193;25619;2;2MC00752;PORTAL_DE_AMERICA_B_25619
1259;57144;2;2MC01137;PORTAL_DE_QUERU_QUERU_57144
1260;57145;2;2MC01136;PORTAL_DE_QUERU_QUERU_57145
1504;70878;2;2MC01325;PORTALES_LASERNA_70878
1266;57267;2;2MC01115;PORTICO_TOWER_57267
1267;57266;2;2MC01138;PORTICO_TOWER_57266
146;21724;2;2MC00753;PORTOBELLO_21724
147;21725;2;2MC00754;PORTOBELLO_21725
308;4158;2;2MC00755;PORTOFINO_4158
1076;45723;2;2MC00756;PORTUGAL_45723
1077;45724;2;2MC00757;PORTUGAL_45724
580;7945;2;2MC00758;PORVENIR_7945
438;63217;2;2MC00759;PRADO_HERNANDEZ_63217
52;1455;2;2MC00760;PRESIDENTE_TEJADA_A_1455
53;1456;2;2MC00761;PRESIDENTE_TEJADA_B_1456
54;1457;2;2MC00762;PRESIDENTE_TEJADA_C_1457
1507;70874;2;2MC01266;PRESTON_70874
1401;62868;2;2MC01267;PROFESIONAL_COBIJA_62868
832;29790;2;2MC00763;PROSALUD_29790
164;227;2;2MC00764;PROVIDENCE_227
165;228;2;2MC00765;PROVIDENCE_228
253;35343;2;2MC00766;PRUBER_35343
1084;45884;2;2MC00767;PTO_VALLARTA_45884
910;36213;2;2MC00415;HOTEL_BEIJING_36213
844;31616;2;2MC00769;PUNTACANA_31616
845;31617;2;2MC00770;PUNTACANA_31617
873;34079;2;2MC00771;PUNTACANA_II_34079
874;34080;2;2MC00772;PUNTACANA_II_34080
960;39725;2;2MC00774;PUNTACANA_III_39725
961;39726;2;2MC00773;PUNTACANA_III_39726
979;41507;2;2MC00775;PUNTACANA_IV_A_41507
980;41508;2;2MC00776;PUNTACANA_IV_B_41508
1047;43620;2;2MC00778;PUNTACANA_V_A_43620
1049;43619;2;2MC00777;PUNTACANA_V_43619
1093;46435;2;2MC00779;PUNTACANA_VI_A_46435
1092;46434;2;2MC01268;PUNTA_CANA_VI_B_46434
10;10729;2;2MC00768;PUNTA_DEL_ESTE_10729
1173;52559;2;2MC01183;PUNTA_DEL_ESTE_52559
1174;52560;2;2MC01184;PUNTA_DEL_ESTE_52560
1353;59440;2;2MC01124;QUALITY_59440
67;15468;2;2MC00781;QUANTUM_15468
1025;44570;2;2MC00782;QUARZO_44570
1026;44571;2;2MC00783;QUARZO_44571
1402;63121;2;2MC01269;QUIROGA_HINOJOSA_63121
747;94398;2;2MC00787;RAFAEL_A_94398
748;94399;2;2MC00788;RAFAEL_B_94399
315;42091;2;2MC00789;RAQUEL_A_42091
316;42092;2;2MC00790;RAQUEL_B_42092
1210;54505;2;2MC00791;RATIO_LEGIS_54505
817;24033;2;2MC00792;RAYJA_24033
526;74506;2;2MC00793;REAL_74506
1040;30897;2;2MC00794;RECOLETA_DOMUN_30897
1144;51065;2;2MC00795;REINAGA_51065
365;5339;2;2MC00796;REINECKE_5339
366;5340;2;2MC00797;REINECKE_5340
616;83446;2;2MC00798;RESID_ANTEZANA_83446
259;35610;2;2MC00799;RESID_CONCORDIA_35610
918;37408;2;2MC00800;RESIDENZA_37408
919;37409;2;2MC00801;RESIDENZA_37409
607;82403;2;2MC00802;REY_JESUS_I_82403
1059;45403;2;2MC00804;REZA_45403
1532;72735;2;2MC01327;REZA_II_72735
234;34759;2;2MC00805;RIOJA_34754
750;94532;2;2MC00806;RIVADAVIA_94532
252;35342;2;2MC00807;RIVERA_35342
414;58498;2;2MC00808;RIVERO_58498
107;1909;2;2MC00809;ROBLEDAL_1909
755;94807;2;2MC00810;ROCASUR_94807
307;41295;2;2MC00811;ROJAS_42195
1215;54490;2;2MC01179;ROJAS_54490
180;24089;2;2MC00812;ROMARIC_24089
589;8004;2;2MC00813;ROMERO_8004
590;8005;2;2MC00814;ROMERO_8005
144;21454;2;2MC00815;ROMINA_21454
1442;65940;2;2MC01270;ROMO_65940
1500;70172;2;2MC01271;RONALD_SALINAS_70172
1099;47541;2;2MC00816;ROSITA_47541
348;50490;2;2MC00817;SAAL_50490
1388;51753;2;2MC01214;SABA_51753
138;21221;2;2MC00820;SABSA_I_21221
610;82692;2;2MC00818;SABSA_82692
611;82693;2;2MC00819;SABSA_82693
632;846;2;2MC00821;SAHARA_846
33;13371;2;2MC00822;SAHARA_URQUIDI_A_13371
34;13372;2;2MC00823;SAHARA_URQUIDI_B_13372
510;72307;2;2MC00824;SAINT_PATRICK_72307
894;35550;2;2MC00825;SALAZAR_35550
182;24230;2;2MC00826;SALCEDO_IMP_24230
917;37407;2;2MC00827;SALCEF_SRL_37407
479;67898;2;2MC00828;SALOME_67898
246;35214;2;2MC00829;SAN_FRANCISCO_35214
984;41565;2;2MC00830;SAN_FRANCISCO_41565
552;76569;2;2MC00831;SAN_GABRIEL_76569
1288;57505;2;2MC01272;SAN_GABRIEL_57505
561;77266;2;2MC00832;SAN_IGNACIO_77266
47;13616;2;2MC00833;SAN_JORGE_13616
388;56271;2;2MC00834;SAN_JUAN_DE_DIOS_56271
923;37701;2;2MC01306;SAN_JUAN_DE_DIOS_37701
560;77265;2;2MC00835;SAN_LORENZO_77265
1063;45569;2;2MC00836;SAN_LUCAS_45569
1568;74484;2;2MC01328;SAN_LUIS_74484
375;53980;2;2MC00837;SAN_MARCOS_I_53980
397;57698;2;2MC00838;SAN_MARCOS_II_57698
436;63079;2;2MC00839;SAN_MARCOS_III_A_63079
437;63080;2;2MC00840;SAN_MARCOS_III_B_63080
1027;44297;2;2MC00841;SAN_MARTIN_44297
329;44609;2;2MC00842;SAN_MATTEO_44609
1187;52718;2;2MC01105;SAN_MIGUEL_II_52718
1188;52719;2;2MC01106;SAN_MIGUEL_II_52719
64;15352;2;2MC00843;SAN_PABLO_15352
1309;58650;2;2MC01102;SAN_PABLO_58650
524;74499;2;2MC00844;SAN_RAFAEL_74499
249;35308;2;2MC00845;SAN_SILVESTRE_35308
938;38868;2;2MC00846;SAN_VALE_38868
248;35290;2;2MC00847;SANABRIA_35290
550;76562;2;2MC00848;SANABRIA_UMSS_76562
581;79509;2;2MC00849;SANTA_ANA_A_79509
582;79510;2;2MC00850;SANTA_ANA_B_79510
418;5973;2;2MC00851;SANTA_CECILIA_5973
1229;55416;2;2MC00071;SANTA_FE_55416
275;361;2;2MC00864;SANTAFE_A_361
274;360;2;2MC00865;SANTAFE_B_360
1435;65139;2;2MC01215;SANTA_JULIA_65139
46;13518;2;2MC00852;SANTA_KATARINA_13518
1502;70330;2;2MC01273;SANTA_LUCIA:_DE_CALA_CALA_70330
551;76568;2;2MC00853;SANTA_MARIA_76568
676;88594;2;2MC00855;SANTA_ROSA_III_A_88594
672;88355;2;2MC00856;SANTA_ROSA_III_C_88355
673;88356;2;2MC00857;SANTA_ROSA_III_D_88356
677;88595;2;2MC00858;SANTA_ROSA_III_E_88595
678;88596;2;2MC00854;SANTA_ROSA_III_A_88596
102;18598;2;2MC00859;SANTA_SOFIA_A_18598
103;18599;2;2MC00860;SANTA_SOFIA_B_18599
104;18600;2;2MC00861;SANTA_SOFIA_C_18600
60;15331;2;2MC00862;SANTA_TERESA_15331
212;3047;2;2MC00863;SANTA_TERESA_BG_3047
432;62879;2;2MC00866;SANTIAGO_62879
650;859;2;2MC00867;SANTIAGO_859
651;860;2;2MC00868;SANTIAGO_860
58;15067;2;2MC00869;SANTIAGO_DE_COMPOSTELA_15067
111;19305;2;2MC00870;SANTORINI_A_19305
112;19306;2;2MC00871;SANTORINI_B_19306
667;87638;2;2MC00872;SELEME_87638
405;58248;2;2MC00873;SE헲R_DE_MAYO_III_58248
475;67548;2;2MC00874;SERENGUETI_67548
1139;51002;2;2MC01303;SERRANO_51002
433;62881;2;2MC00875;SEVILLA_62881
1096;46992;2;2MC00876;SHABA_46992
431;62190;2;2MC00877;SHACHELLY_62190
881;34516;2;2MC00878;SHMIDT_34516
306;40952;2;2MC00879;SHOPING_DEL_HOGAR_40952
1108;48882;2;2MC00880;SIERVAS_DE_MARIA_48882
900;33537;2;2MC00881;SION_33537
745;94396;2;2MC00882;SIRAH_94396
304;40821;2;2MC00883;SISTECO_A_40821
305;40822;2;2MC00884;SISTECO_B_40822
1414;A-D4070-ES01;2;2MC01329;SKY_BOX_AD4070ES01
1418;A-D4070-ES02;2;2MC01330;SKY_BOX_AD4070ES02
1343;58610;2;2MC01274;SKY_BOX_B_58610
1340;58612;2;2MC00582;MACERETA_58612
1341;58613;2;2MC00583;MACERETA_PARKING_58613
1338;58614;2;2MC01275;SKY_BOX_E_58614
1342;58611;2;2MC01331;SKY_BOX_58611
1339;58615;2;2MC01276;SKY_BOX_F_58615
1425;63993;2;2MC01277;SKY_BOX_MONTACARGA_63993
1051;43624;2;2MC00885;SOCH_VINTAGE_43624
443;63700;2;2MC00886;SOFIA_A_63700
444;63701;2;2MC00887;SOFIA_B_63701
725;92277;2;2MC00888;SOL_DE_GRECIA_92277
812;23124;2;2MC00889;SOL_DEL_NORTE_23124
813;23125;2;2MC00890;SOL_DEL_NORTE_23125
168;8002;2;2MC00891;SOLES_DEL_NORTE_A_8002
169;8003;2;2MC00892;SOLES_DEL_NORTE_B_8003
942;38873;2;2MC00893;SOLINES_38773
941;38766;2;2MC01278;SOLINES_A_38766
807;29241;2;2MC00895;SOLIZ_29241
971;41158;2;2MC00896;SOUTH_MIRAGE_41158
1355;60024;2;2MC01103;STRAUS_60024
1356;60025;2;2MC01104;STRAUS_60025
1436;65138;2;2MC01162;SUMMIT_PLACE_65138
804;28160;2;2MC00897;SUNDAR_DARSHAN_28160
81;16831;2;2MC00898;SUNSET_TOWER_A_16831
82;16832;2;2MC00899;SUNSET_TOWER_B_16832
1329;58541;2;2MC01054;VILLA_OLIMPICA_II_B_COBAS_58541
1330;58540;2;2MC01053;VILLA_OLIMPICA_II_B_COBAS_58540
597;80927;2;2MC00900;TAIS_80927
598;80928;2;2MC00901;TAIS_80928
159;225;2;2MC00902;TAJAMAR_A_225
161;226;2;2MC00903;TAJAMAR_B_226
106;19030;2;2MC00904;TANNAT_19030
121;19914;2;2MC00905;TANNAT_19914
302;4073;2;2MC00906;TARIJA_A_4073
303;4074;2;2MC00907;TARIJA_B_4074
24;12685;2;2MC00908;TELA_DE_PLATA_12685
983;41566;2;2MC00909;TERM_DE_BUSES_41566
691;89898;2;2MC00910;TERRA_89898
948;39677;2;2MC00911;TERRA_MIA_39677
113;19457;2;2MC01185;TERRA_NORTE_19457
1464;67116;2;2MC01279;TERRA_NOVA_II_B_67116
1465;67115;2;2MC01280;TERRA_NOVA_II_A_67115
216;3127;2;2MC00912;TERRADO_A_3127
217;3128;2;2MC00913;TERRADO_B_3128
493;6872;2;2MC00914;TERRADO_OFICINA_06872
3;10202;2;2MC00915;TERRANOVA_A_10202
4;10203;2;2MC00916;TERRANOVA_B_10203
1235;55493;2;2MC01139;TERRAVERDE_II_55493
1261;57142;2;2MC01229;TERRAZAS_DE_ARANJUEZ_4_57142
1262;57141;2;2MC01228;TERRAZAS_DE_ARANJUEZ_3_57141
1263;57139;2;2MC01226;TERRAZAS_DE_ARANJUEZ_57139
1264;57140;2;2MC01227;TERRAZAS_DE_ARANJUEZ_2_57140
810;29771;2;2MC00917;TESAI_29771
914;29772;2;2MC00918;TESAI_29772
245;35213;2;2MC00919;TIGO_35213
135;21209;2;2MC00920;TIQUIPAYA_21209
558;77237;2;2MC00921;TITAN_A_77237
559;77238;2;2MC00922;TITAN_B_77238
1216;54492;2;2MC01086;TORRE_42_54492
1217;54493;2;2MC01087;TORRE_42_54493
1022;45141;2;2MC00784;QUINTANILLA_45141
7;10231;2;2MC00923;TORRE_ALAMEDA_10231
197;KNF1926;2;2MC00932;TORRE_AMERICA_NORTE_I_KNF1926
198;KNF1927;2;2MC00933;TORRE_AMERICA_NORTE_II_KNF1927
199;KNF1928;2;2MC00934;TORRE_AMERICA_NORTE_III_KNF1928
200;KNF1929;2;2MC00935;TORRE_AMERICA_NORTE_IV_KNF1929
284;3948;2;2MC00924;TORRE_AMERICA_NORTE_A_3948
285;3949;2;2MC00925;TORRE_AMERICA_NORTE_B_3949
286;16813;2;2MC00926;TORRE_AMERICA_NORTE_C_16813
287;3951;2;2MC00927;TORRE_AMERICA_NORTE_D_3951
288;3952;2;2MC00928;TORRE_AMERICA_NORTE_E_3952
289;3953;2;2MC00929;TORRE_AMERICA_NORTE_F_3953
290;3954;2;2MC00930;TORRE_AMERICA_NORTE_G_3954
291;3955;2;2MC00931;TORRE_AMERICA_NORTE_H_3955
32;13370;2;2MC00936;TORRE_AREGON_13370
94;17799;2;2MC00937;TORRE_AUBE_17799
95;17800;2;2MC00938;TORRE_AUBE_17800
339;4647;2;2MC00939;TORRE_AVANTE_A_04647
340;4648;2;2MC00940;TORRE_AVANTE_B_04648
532;74885;2;2MC00941;TORRE_AZUL_A_74885
533;74886;2;2MC00942;TORRE_AZUL_B_74886
647;85798;2;2MC00943;TORRE_BERLIN_85798
988;41700;2;2MC00944;TORRE_BOSTON_41700
1054;43471;2;2MC00945;TORRE_BOSTON_43471
579;79448;2;2MC00946;TORRE_CABA_79448
1133;40519;2;2MC00947;TORRE_DANIEL_B_40519
630;841;2;2MC00948;TORRE_DUBLIN_841
27;12853;2;2MC00949;TORRE_EZENI_12853
1234;55496;2;2MC00950;TORRE_FLORES_55496
1011;44800;2;2MC00951;TORRE_FORTY_44800
1350;59423;2;2MC00952;TORRE_GRAZIA_59423
848;31897;2;2MC00953;TORRE_INDUST_31897
849;31898;2;2MC00954;TORRE_INDUST_31898
1034;44065;2;2MC00955;TORRE_ITALIA_44065
714;91228;2;2MC00956;TORRE_MADRID_91228
1588;76016;2;2MC01332;TORRE_MANHATTAN_76016
22;12285;2;2MC00957;TORRE_MONACO_12285
1268;57301;2;2MC01216;TORRE_MONET_57301
1269;57302;2;2MC01217;TORRE_MONET_57302
634;84629;2;2MC00958;TORRE_NORTE_DEP_A_84629
636;84631;2;2MC00959;TORRE_NORTE_DEP_B_84631
633;84628;2;2MC00960;TORRE_NORTE_OF_A_84628
637;84632;2;2MC00961;TORRE_NORTE_OF_B_84632
635;84630;2;2MC00962;TORRE_NORTE_SERV_84630
1421;64289;2;2MC01281;TORRE_NOVA_A_64289
1422;64290;2;2MC01282;TORRE_NOVA_B_64290
360;5311;2;2MC00966;TORRE_PORTALES_A_5311
361;5312;2;2MC00967;TORRE_PORTALES_B_5312
21;12234;2;2MC00968;TORRE_RIOSINHO_12234
751;94536;2;2MC00969;TORRE_SOCH_94536
127;20099;2;2MC00970;TORRE_SOLERA_A_20099
128;20100;2;2MC00971;TORRE_SOLERA_B_20100
129;20101;2;2MC00972;TORRE_SOLERA_C_20101
1250;56146;2;2MC00974;TORRE_TEMPLANZA_56146
1251;56145;2;2MC00973;TORRE_TEMPLANZA_56145
362;5332;2;2MC00975;TORRE_VERSALLES_A_07951
363;5333;2;2MC00976;TORRE_VERSALLES_B_07952
786;25756;2;2MC00977;TORRE_VIP_25756
787;25757;2;2MC00978;TORRE_VIP_25757
882;34814;2;2MC00979;TORRE_YORK_34814
883;34815;2;2MC00980;TORRE_YORK_34815
421;60260;2;2MC00981;TORRES_60260
283;3679;2;2MC00982;TORRES_BARCELO_3679
8;10233;2;2MC00983;TORRES_BARCELO_TORRE_II_10233
452;65229;2;2MC00984;TORRES_DE_AMERICA_65229
453;65230;2;2MC00985;TORRES_DE_AMERICA_65230
1270;57298;2;2MC01085;TORRES_DE_LA_UNION_57298
256;354;2;2MC00986;TORRES_DEL_NORTE_354
1193;52776;2;2MC01333;TORRES_ORION_BLOQUE_I_52776
1195;52778;2;2MC01170;ORION_BLOQ_II_B_52778
1196;52779;2;2MC01195;ORION_BLOQ_III_52779
187;25015;2;2MC00987;TORRES_PRAGA_A_25015
188;25016;2;2MC00988;TORRES_PRAGA_B_25016
693;89940;2;2MC00989;TORRES_RIVERO_NORTE_A_89940
694;89941;2;2MC00990;TORRES_RIVERO_NORTE_B_89941
695;89942;2;2MC00991;TORRES_RIVERO_SUD_A_89942
696;89943;2;2MC00992;TORRES_RIVERO_SUD_B_89943
1245;55869;2;2MC01284;TORRES_VENTURA_B_55869
1246;55871;2;2MC01285;TORRES_VENTURA_D_55871
1247;55868;2;2MC01286;TORRES_VENTURA_A_55868
1248;55870;2;2MC01287;TORRES_VENTURA_C_55870
1510;70962;2;2MC01334;TORRES_VENTURA_II_A_70962
1511;70963;2;2MC01335;TORRES_VENTURA_II_B_70963
422;6122;2;2MC00993;TORRICO_6122
499;70250;2;2MC00994;TOSCANA_70250
830;30366;2;2MC00995;TRAMONTO_30366
423;6146;2;2MC00996;TRIAL_06146
850;32025;2;2MC00998;TRINIDAD_IV_32025
851;32024;2;2MC00997;TRINIDAD_IV_32024
1090;45570;2;2MC00999;TRIVENTO_45570
1091;45571;2;2MC01000;TRIVENTO_45571
1454;66919;2;2MC01308;TUNARI_B_66919
1455;66918;2;2MC01307;TUNARI_A_66918
538;75856;2;2MC01001;UCB_A_75856
539;75857;2;2MC01002;UCB_B_75857
540;75858;2;2MC01003;UCB_C_75858
391;56472;2;2MC01004;UCB_POSTGRADO_56472
16;11395;2;2MC01005;UDABOL_11395
537;75850;2;2MC01006;ULDA_ATALA_75850
236;34917;2;2MC01007;ULISES_34917
707;90465;2;2MC01008;UMSS_ECO_NORESTE_90465
706;90464;2;2MC01009;UMSS_ECO_NORESTE_90464
704;90462;2;2MC01010;UMSS_ECO_SUDESTE_90462
705;90463;2;2MC01011;UMSS_ECO_SUDESTE_90463
645;85761;2;2MC01012;UMSS_MEDICINA_NORTE_85761
646;85762;2;2MC01013;UMSS_MEDICINA_SUD_85762
374;5385;2;2MC01014;UMSS_ODONTO_5385
162;22675;2;2MC01016;UMSS_POSTGRADO_ECO_22675
1178;33956;2;2MC01017;UNASUR_33956
1179;33974;2;2MC01020;UNASUR_33974
1180;33975;2;2MC01021;UNASUR_33975
1181;33976;2;2MC01022;UNASUR_33976
1183;33973;2;2MC01019;UNASUR_33973
1199;33957;2;2MC01018;UNASUR_33957
381;54192;2;2MC01023;UNION_54192
1529;72660;2;2MC01219;UNITEPC_72660
771;25927;2;2MC01024;UPAL_25927
995;42022;2;2MC01025;UPAL_B_42022
1142;51064;2;2MC01191;UPAL_LADO_C_51064
1394;62832;2;2MC01192;UPAL_LADO_D_62832
1438;65745;2;2MC01288;UPB_II_65745
1256;57135;2;2MC01026;UPB_57135
1257;57136;2;2MC01027;UPB_57136
490;68582;2;2MC01028;URANIA_68582
1323;58557;2;2MC01116;VILLA_OLIMPICA_II_B_CLAYA_58557
1324;58556;2;2MC01117;VILLA_OLIMPICA_II_B_CLAYA_58556
575;79250;2;2MC01035;V_&_V_79250
638;84887;2;2MC01036;V_&_V_II_84887
114;19458;2;2MC01029;V&V_SANTA_ANA_CALACALA_19458
115;19459;2;2MC01030;V&V_SANTA_ANA_CALACALA_19459
242;350;2;2MC01031;V&V_SANTA_CRUZ_A_350
244;351;2;2MC01032;V&V_SANTA_CRUZ_B_351
669;8774;2;2MC01033;V&V_UYUNI_A_8774
670;8775;2;2MC01034;V&V_UYUNI_B_8775
1241;55669;2;2MC01220;VALENCIA_55669
1237;55558;2;2MC01289;VALLE_DEL_SARCO_II_A_55558
1238;55559;2;2MC01290;VALLE_DEL_SARCO_II_B_55559
1239;55560;2;2MC01291;VALLE_DEL_SARCO_II_C_55560
1515;72117;2;2MC01221;VANTAGE_RESOL_72117
823;28191;2;2MC01037;VARGAS_28191
535;75337;2;2MC01038;VASQUEZ_75337
1395;62822;2;2MC01101;VATICANO_62822
788;24225;2;2MC01039;VEDRA_24225
181;24224;2;2MC01040;VENECIA_24224
1321;58559;2;2MC01154;VILLA_OLIMPICA_II_B_ESTRUTEC_58559
1322;58558;2;2MC01145;VILLA_OLIMPICA_B_ESTRUTEC_58558
1508;70872;2;2MC01292;VENGADORES_70872
562;77267;2;2MC01041;VENTURA_77267
395;57569;2;2MC01042;VENUS_57569
396;57570;2;2MC01043;VENUS_57570
487;68541;2;2MC01044;VERONICA_V_A_68541
488;68542;2;2MC01045;VERONICA_V_B_68542
908;35731;2;2MC01046;VEZLA_35731
608;82423;2;2MC01048;VICTORIA_82423
605;82202;2;2MC01047;VICTORIA_1500_82202
343;4780;2;2MC01049;VIENA_4780
547;76420;2;2MC01056;VILLA_PROVENZA_A_76420
548;76421;2;2MC01057;VILLA_PROVENZA_B_76421
406;58249;2;2MC01058;VILLA_REAL_58249
530;74855;2;2MC01059;VILLARROEL_A_74855
531;74856;2;2MC01060;VILLARROEL_B_74856
814;24287;2;2MC01061;VIRG_DE_FATIMA_24287
954;39957;2;2MC01062;VIRG_DE_GUADALUPE_39957
478;67896;2;2MC01063;VIRG_DEL_CARMEN_67896
1460;67076;2;2MC01293;VIRG_DEL_SOCAVON_67076
729;92875;2;2MC01064;VIRGINIA_92875
353;51808;2;2MC01065;VIRGINIAS_HOTEL_51808
1123;50071;2;2MC01066;VIRREIRA_50071
1294;58295;2;2MC01294;VISTA_VERDE_BLOQ_I_58295
1295;58296;2;2MC01295;VISTA_VERDE_BLOQ_I_58296
1298;58075;2;2MC01296;VISTA_VERDE_BLOQ_II_58075
1296;58294;2;2MC01297;VISTA_VERDE_BLOQ_III_58294
1297;58293;2;2MC01298;VISTA_VERDE_BLOQ_III_58293
1299;58260;2;2MC01299;VISTA_VERDE_BLOQ_IV_58260
1300;58259;2;2MC01300;VISTA_VERDE_BLOQ_IV_58259
379;54048;2;2MC01067;VIVA_54048
1064;45924;2;2MC01068;VIVALDI_A_45924
1065;45925;2;2MC01069;VIVALDI_B_45925
1550;74357;2;2MC01225;VIVIENDA_MU헲Z_74357
373;53743;2;2MC01070;VIZCAYA_53743
818;24286;2;2MC01071;VLADIMIR_VARGAS_24286
803;29019;2;2MC01072;VYV_NUR_BLOQI_29019
802;29020;2;2MC01073;VYV_NUR_BLOQII_29020
977;41511;2;2MC01074;WENBRENDANTHY_41511
28;13172;2;2MC01075;WEST_TOWER_A_13172
29;13173;2;2MC01076;WEST_TOWER_B_13173
281;3677;2;2MC01077;WILLY_VINAYA_3677
520;73636;2;2MC01078;WISTUPIKU_73636
1419;64246;2;2MC01236;ZAFIRO_64246
90;17543;2;2MC01079;ZARATE_17543
1614;80450;2;2MC01336;ZENCITY_80450
477;6760;2;2MC01080;ZUNNY_6760
491;68583;2;2MC01081;ZURICH_68583
492;68584;2;2MC01082;ZURICH_68584
